"Alue","Äidinkieli","Ikä","Sukupuoli","2000 Väestö 31.12.","2001 Väestö 31.12.","2002 Väestö 31.12.","2003 Väestö 31.12.","2004 Väestö 31.12.","2005 Väestö 31.12.","2008 Väestö 31.12.","2009 Väestö 31.12.","2010 Väestö 31.12.","2011 Väestö 31.12.","2012 Väestö 31.12.","2013 Väestö 31.12.","2014 Väestö 31.12.","2015 Väestö 31.12.","2016 Väestö 31.12.","2017 Väestö 31.12.","2018 Väestö 31.12.","2019 Väestö 31.12.","2020 Väestö 31.12.","2021 Väestö 31.12.","2022 Väestö 31.12.","2023 Väestö 31.12.","2006 Väestö 31.12.","2007 Väestö 31.12."
"091 Helsinki","Yhteensä","0-6-vuotiaat","Yhteensä",40306,39224,38311,37784,37199,36884,37971,39170,40064,41127,42224,43444,44552,45379,45807,46033,45799,45281,44722,44030,43187,42912,0,0
"091 Helsinki","Yhteensä","0-6-vuotiaat","Miehet",20503,20025,19594,19214,18996,18675,19437,19907,20400,20969,21592,22243,22819,23330,23623,23682,23466,23140,22825,22469,22085,22027,18715,0
"091 Helsinki","Yhteensä","0-6-vuotiaat","Naiset",19803,19199,18717,18570,18203,18209,18534,19263,19664,20158,20632,21201,21733,22049,22184,22351,22333,22141,21897,21561,21102,20885,18139,18031
"091 Helsinki","Yhteensä","7-12-vuotiaat","Yhteensä",33746,34062,33992,33457,32747,31745,29693,29410,29318,29506,30054,30680,31523,32684,33730,35149,36113,37098,37967,38439,38998,39357,0,0
"091 Helsinki","Yhteensä","7-12-vuotiaat","Miehet",17203,17365,17261,17133,16682,16236,15130,14951,14936,15060,15334,15678,16118,16643,17193,17915,18459,19007,19483,19687,20024,20173,15700,0
"091 Helsinki","Yhteensä","7-12-vuotiaat","Naiset",16543,16697,16731,16324,16065,15509,14563,14459,14382,14446,14720,15002,15405,16041,16537,17234,17654,18091,18484,18752,18974,19184,15112,14755
"091 Helsinki","Yhteensä","13-15-vuotiaat","Yhteensä",14755,15138,15864,16442,16798,17001,16743,16268,15840,15336,15128,15067,14927,14991,15069,15534,16140,16559,16920,17626,18220,19174,0,0
"091 Helsinki","Yhteensä","13-15-vuotiaat","Miehet",7601,7719,8116,8374,8603,8637,8541,8365,8075,7859,7618,7626,7523,7666,7666,7936,8169,8424,8606,8972,9225,9724,8699,0
"091 Helsinki","Yhteensä","13-15-vuotiaat","Naiset",7154,7419,7748,8068,8195,8364,8202,7903,7765,7477,7510,7441,7404,7325,7403,7598,7971,8135,8314,8654,8995,9450,8328,8240
"091 Helsinki","Yhteensä","0-17-vuotiaat","Yhteensä",99172,98778,98322,97830,97410,96794,96220,96590,96932,97545,98529,100023,101643,103530,71510,72200,72413,72652,72853,73092,73282,74411,0,0
"091 Helsinki","Yhteensä","0-17-vuotiaat","Miehet",50446,50289,50145,49880,49583,49187,49059,49148,49324,49706,50242,50998,51742,52833,36573,36924,36928,36965,36986,37113,37195,37953,48905,0
"091 Helsinki","Yhteensä","0-17-vuotiaat","Naiset",48726,48489,48177,47950,47827,47607,47161,47442,47608,47839,48287,49025,49901,50697,34937,35276,35485,35687,35867,35979,36087,36458,47207,46844
"091 Helsinki","Yhteensä","16-18-vuotiaat","Yhteensä",15880,15839,15510,15547,15824,16553,17921,17928,17852,17682,17239,16836,16233,16085,16049,16132,16097,16286,16665,17327,17861,18432,0,0
"091 Helsinki","Yhteensä","16-18-vuotiaat","Miehet",7887,7858,7758,7856,7889,8308,8943,8983,8952,8874,8709,8425,8132,7900,7968,7996,8045,8101,8285,8521,8810,9178,8556,0
"091 Helsinki","Yhteensä","16-18-vuotiaat","Naiset",7993,7981,7752,7691,7935,8245,8978,8945,8900,8808,8530,8411,8101,8185,8081,8136,8052,8185,8380,8806,9051,9254,8560,8735
"091 Helsinki","Yhteensä","15-19-vuotiaat","Yhteensä",6152,6468,6380,6182,6214,6041,24490,24443,24279,23907,23394,22835,22361,21995,27363,27250,27568,27866,28361,29315,30271,31374,0,0
"091 Helsinki","Yhteensä","15-19-vuotiaat","Miehet",2804,2973,2847,2777,2889,2803,12151,12010,11946,11878,11590,11281,10956,10855,13397,13441,13552,13721,13900,14385,14815,15473,2900,0
"091 Helsinki","Yhteensä","15-19-vuotiaat","Naiset",3348,3495,3533,3405,3325,3238,12339,12433,12333,12029,11804,11554,11405,11140,13966,13809,14016,14145,14461,14930,15456,15901,3603,3777
"091 Helsinki","Yhteensä","20-24-vuotiaat","Yhteensä",44632,44758,44304,44103,43746,44163,45419,45701,46486,47513,48827,48910,48796,48118,46903,45812,44113,42780,41809,41361,41717,42961,0,0
"091 Helsinki","Yhteensä","20-24-vuotiaat","Miehet",20727,20800,20367,20119,19933,20037,20578,20831,21216,21621,22220,22225,21941,21693,21236,20644,19767,19264,18779,18610,18802,19252,20120,0
"091 Helsinki","Yhteensä","20-24-vuotiaat","Naiset",23905,23958,23937,23984,23813,24126,24841,24870,25270,25892,26607,26685,26855,26425,25667,25168,24346,23516,23030,22751,22915,23709,24285,24489
"091 Helsinki","Yhteensä","25-29-vuotiaat","Yhteensä",49842,51726,52711,53319,53173,53024,55533,56420,56686,56909,57191,58185,59573,60796,62531,64017,63662,63131,61831,59799,58830,58405,0,0
"091 Helsinki","Yhteensä","25-29-vuotiaat","Miehet",24276,25368,25726,26003,25964,25896,26785,26967,27038,27311,27312,27618,28368,28784,29614,30438,30193,29637,28891,27989,27540,27406,25904,0
"091 Helsinki","Yhteensä","25-29-vuotiaat","Naiset",25566,26358,26985,27316,27209,27128,28748,29453,29648,29598,29879,30567,31205,32012,32917,33579,33469,33494,32940,31810,31290,30999,27645,28131
"091 Helsinki","Suomi ja saame","0-6-vuotiaat","Yhteensä",34580,33373,32430,31757,30990,30512,30645,31386,31944,32497,33052,33640,34229,34415,34290,33805,33033,32364,31671,31012,29983,29274,30255,30063
"091 Helsinki","Suomi ja saame","0-6-vuotiaat","Miehet",17585,16999,16580,16143,15752,15412,15681,15983,16259,16554,16887,17222,17525,17699,17697,17403,16986,16595,16221,15939,15400,15140,15329,15321
"091 Helsinki","Suomi ja saame","0-6-vuotiaat","Naiset",16995,16374,15850,15614,15238,15100,14964,15403,15685,15943,16165,16418,16704,16716,16593,16402,16047,15769,15450,15073,14583,14134,14926,14742
"091 Helsinki","Suomi ja saame","7-12-vuotiaat","Yhteensä",29584,29732,29463,28766,27870,26647,23942,23550,23260,23258,23430,23716,24172,24915,25449,26292,26834,27200,27693,27606,27533,27061,25496,24556
"091 Helsinki","Suomi ja saame","7-12-vuotiaat","Miehet",15129,15188,14965,14752,14226,13633,12167,11930,11818,11829,11899,12058,12323,12643,12930,13367,13667,13908,14199,14114,14116,13872,12990,12496
"091 Helsinki","Suomi ja saame","7-12-vuotiaat","Naiset",14455,14544,14498,14014,13644,13014,11775,11620,11442,11429,11531,11658,11849,12272,12519,12925,13167,13292,13494,13492,13417,13189,12506,12060
"091 Helsinki","Suomi ja saame","13-15-vuotiaat","Yhteensä",12710,12983,13623,14108,14494,14659,13996,13316,12817,12210,11967,11755,11549,11482,11447,11738,12064,12327,12510,12907,13090,13593,14651,14342
"091 Helsinki","Suomi ja saame","13-15-vuotiaat","Miehet",6508,6619,7009,7213,7454,7454,7145,6824,6529,6246,6012,5929,5797,5857,5796,5972,6055,6211,6340,6552,6636,6885,7524,7338
"091 Helsinki","Suomi ja saame","13-15-vuotiaat","Naiset",6202,6364,6614,6895,7040,7205,6851,6492,6288,5964,5955,5826,5752,5625,5651,5766,6009,6116,6170,6355,6454,6708,7127,7004
"091 Helsinki","Suomi ja saame","0-17-vuotiaat","Yhteensä",85849,85001,84181,83227,82417,81305,78663,78206,77788,77444,77371,77677,78292,78935,53892,53549,52951,52809,52519,52379,51763,51621,80106,78886
"091 Helsinki","Suomi ja saame","0-17-vuotiaat","Miehet",43649,43241,42941,42454,41944,41334,40101,39768,39545,39367,39346,39509,39739,40184,27521,27321,26963,26832,26644,26624,26292,26383,40768,40129
"091 Helsinki","Suomi ja saame","0-17-vuotiaat","Naiset",42200,41760,41240,40773,40473,39971,38562,38438,38243,38077,38025,38168,38553,38751,26371,26228,25988,25977,25875,25755,25471,25238,39338,38757
"091 Helsinki","Suomi ja saame","16-18-vuotiaat","Yhteensä",13767,13667,13236,13212,13387,14005,15182,15182,14954,14549,13908,13350,12666,12476,12268,12138,12028,12128,12366,12770,12991,13076,14482,14895
"091 Helsinki","Suomi ja saame","16-18-vuotiaat","Miehet",6810,6746,6592,6631,6666,7066,7588,7639,7503,7293,6989,6662,6290,6094,6024,5941,5944,5951,6076,6198,6313,6429,7258,7499
"091 Helsinki","Suomi ja saame","16-18-vuotiaat","Naiset",6957,6921,6644,6581,6721,6939,7594,7543,7451,7256,6919,6688,6376,6382,6244,6197,6084,6177,6290,6572,6678,6647,7224,7396
"091 Helsinki","Suomi ja saame","15-19-vuotiaat","Yhteensä",5447,5642,5545,5294,5327,5071,20776,20555,20188,19616,18918,18130,17595,17020,20897,20553,20658,20742,21008,21637,21932,22271,5448,5663
"091 Helsinki","Suomi ja saame","15-19-vuotiaat","Miehet",2480,2572,2442,2360,2450,2331,10362,10061,9945,9689,9348,8881,8549,8322,10105,9991,10014,10074,10143,10472,10613,10843,2412,2522
"091 Helsinki","Suomi ja saame","15-19-vuotiaat","Naiset",2967,3070,3103,2934,2877,2740,10414,10494,10243,9927,9570,9249,9046,8698,10792,10562,10644,10668,10865,11165,11319,11428,3036,3141
"091 Helsinki","Suomi ja saame","20-24-vuotiaat","Yhteensä",39664,39550,38952,38484,37894,37885,37171,37296,37846,38552,39704,39697,39480,38615,37017,35580,33721,32208,31348,30554,30403,30786,37483,37221
"091 Helsinki","Suomi ja saame","20-24-vuotiaat","Miehet",18365,18315,17819,17454,17125,17031,16627,16830,17109,17450,17940,17918,17534,17131,16395,15639,14675,13999,13595,13247,13126,13238,16783,16639
"091 Helsinki","Suomi ja saame","20-24-vuotiaat","Naiset",21299,21235,21133,21030,20769,20854,20544,20466,20737,21102,21764,21779,21946,21484,20622,19941,19046,18209,17753,17307,17277,17548,20700,20582
"091 Helsinki","Suomi ja saame","25-29-vuotiaat","Yhteensä",43526,45069,45915,46269,45982,45378,45328,45441,45280,44782,44520,44909,45580,46654,47916,48989,48699,48224,47050,44758,43057,41549,45133,45079
"091 Helsinki","Suomi ja saame","25-29-vuotiaat","Miehet",21055,21927,22255,22403,22315,21945,21483,21285,21199,21000,20770,20849,21332,21724,22214,22721,22488,21924,21252,20251,19406,18640,21627,21475
"091 Helsinki","Suomi ja saame","25-29-vuotiaat","Naiset",22471,23142,23660,23866,23667,23433,23845,24156,24081,23782,23750,24060,24248,24930,25702,26268,26211,26300,25798,24507,23651,22909,23506,23604
"091 Helsinki","Ruotsi","0-6-vuotiaat","Yhteensä",2508,2417,2358,2343,2336,2379,2568,2706,2772,2839,2955,3075,3089,3170,3186,3183,3212,3179,3160,3158,3096,3086,2363,2414
"091 Helsinki","Ruotsi","0-6-vuotiaat","Miehet",1259,1233,1184,1175,1210,1204,1295,1355,1402,1445,1492,1563,1568,1616,1619,1585,1586,1590,1572,1576,1527,1522,1186,1230
"091 Helsinki","Ruotsi","0-6-vuotiaat","Naiset",1249,1184,1174,1168,1126,1175,1273,1351,1370,1394,1463,1512,1521,1554,1567,1598,1626,1589,1588,1582,1569,1564,1177,1184
"091 Helsinki","Ruotsi","7-12-vuotiaat","Yhteensä",1961,2003,2039,2028,2038,1932,1893,1858,1840,1866,1895,1953,1995,2078,2191,2310,2363,2440,2510,2571,2592,2592,1905,1837
"091 Helsinki","Ruotsi","7-12-vuotiaat","Miehet",976,1018,1052,1038,1028,989,960,942,951,950,972,1006,1025,1063,1111,1178,1186,1224,1268,1278,1319,1288,976,936
"091 Helsinki","Ruotsi","7-12-vuotiaat","Naiset",985,985,987,990,1010,943,933,916,889,916,923,947,970,1015,1080,1132,1177,1216,1242,1293,1273,1304,929,901
"091 Helsinki","Ruotsi","13-15-vuotiaat","Yhteensä",868,867,875,938,954,1013,1029,1037,1015,964,924,893,926,918,941,925,971,988,1053,1106,1199,1251,1005,1029
"091 Helsinki","Ruotsi","13-15-vuotiaat","Miehet",449,431,418,455,474,520,523,539,507,489,460,462,473,469,482,470,502,514,547,562,588,613,509,528
"091 Helsinki","Ruotsi","13-15-vuotiaat","Naiset",419,436,457,483,480,493,506,498,508,475,464,431,453,449,459,455,469,474,506,544,611,638,496,501
"091 Helsinki","Ruotsi","0-17-vuotiaat","Yhteensä",5966,5894,5867,5881,5914,5930,6181,6315,6336,6373,6467,6609,6622,6772,4754,4752,4834,4804,4853,4948,5024,5089,5918,5939
"091 Helsinki","Ruotsi","0-17-vuotiaat","Miehet",2992,2981,2957,2958,2991,2991,3119,3203,3207,3242,3286,3366,3377,3470,2408,2384,2422,2415,2436,2489,2486,2517,2995,3023
"091 Helsinki","Ruotsi","0-17-vuotiaat","Naiset",2974,2913,2910,2923,2923,2939,3062,3112,3129,3131,3181,3243,3245,3302,2346,2368,2412,2389,2417,2459,2538,2572,2923,2916
"091 Helsinki","Ruotsi","16-18-vuotiaat","Yhteensä",980,936,913,888,881,915,1046,1057,1072,1067,1069,1037,976,937,925,979,984,974,981,1022,1060,1115,973,964
"091 Helsinki","Ruotsi","16-18-vuotiaat","Miehet",488,455,446,443,432,428,522,528,536,534,545,513,493,465,470,492,493,484,487,514,537,566,466,474
"091 Helsinki","Ruotsi","16-18-vuotiaat","Naiset",492,481,467,445,449,487,524,529,536,533,524,524,483,472,455,487,491,490,494,508,523,549,507,490
"091 Helsinki","Ruotsi","15-19-vuotiaat","Yhteensä",329,412,368,372,368,377,1419,1480,1487,1492,1435,1419,1321,1335,1661,1653,1710,1675,1761,1792,1853,1942,391,424
"091 Helsinki","Ruotsi","15-19-vuotiaat","Miehet",151,197,158,155,160,172,670,727,703,746,697,697,646,662,820,827,826,809,858,872,916,941,163,162
"091 Helsinki","Ruotsi","15-19-vuotiaat","Naiset",178,215,210,217,208,205,749,753,784,746,738,722,675,673,841,826,884,866,903,920,937,1001,228,262
"091 Helsinki","Ruotsi","20-24-vuotiaat","Yhteensä",2575,2580,2582,2618,2612,2690,2887,2904,2993,3116,3174,3163,3178,3144,3189,3160,3112,3175,3148,3178,3143,3204,2779,2784
"091 Helsinki","Ruotsi","20-24-vuotiaat","Miehet",1194,1226,1247,1226,1250,1263,1293,1311,1350,1375,1436,1424,1440,1457,1469,1474,1447,1527,1471,1491,1460,1457,1299,1277
"091 Helsinki","Ruotsi","20-24-vuotiaat","Naiset",1381,1354,1335,1392,1362,1427,1594,1593,1643,1741,1738,1739,1738,1687,1720,1686,1665,1648,1677,1687,1683,1747,1480,1507
"091 Helsinki","Ruotsi","25-29-vuotiaat","Yhteensä",2784,2796,2797,2812,2841,2800,2981,2974,3082,3097,3101,3121,3200,3211,3274,3357,3350,3347,3304,3274,3246,3232,2854,2901
"091 Helsinki","Ruotsi","25-29-vuotiaat","Miehet",1393,1398,1374,1415,1444,1426,1521,1521,1519,1577,1542,1532,1545,1553,1583,1643,1665,1671,1665,1646,1617,1660,1460,1489
"091 Helsinki","Ruotsi","25-29-vuotiaat","Naiset",1391,1398,1423,1397,1397,1374,1460,1453,1563,1520,1559,1589,1655,1658,1691,1714,1685,1676,1639,1628,1629,1572,1394,1412
"091 Helsinki","Muu kieli","0-6-vuotiaat","Yhteensä",3218,3434,3523,3684,3873,3993,4758,5078,5348,5791,6217,6729,7234,7794,8331,9045,9554,9738,9891,9860,10108,10552,4236,4445
"091 Helsinki","Muu kieli","0-6-vuotiaat","Miehet",1659,1793,1830,1896,2034,2059,2461,2569,2739,2970,3213,3458,3726,4015,4307,4694,4894,4955,5032,4954,5158,5365,2200,2340
"091 Helsinki","Muu kieli","0-6-vuotiaat","Naiset",1559,1641,1693,1788,1839,1934,2297,2509,2609,2821,3004,3271,3508,3779,4024,4351,4660,4783,4859,4906,4950,5187,2036,2105
"091 Helsinki","Muu kieli","7-12-vuotiaat","Yhteensä",2201,2327,2490,2663,2839,3166,3858,4002,4218,4382,4729,5011,5356,5691,6090,6547,6916,7458,7764,8262,8873,9704,3411,3608
"091 Helsinki","Muu kieli","7-12-vuotiaat","Miehet",1098,1159,1244,1343,1428,1614,2003,2079,2167,2281,2463,2614,2770,2937,3152,3370,3606,3875,4016,4295,4589,5013,1734,1814
"091 Helsinki","Muu kieli","7-12-vuotiaat","Naiset",1103,1168,1246,1320,1411,1552,1855,1923,2051,2101,2266,2397,2586,2754,2938,3177,3310,3583,3748,3967,4284,4691,1677,1794
"091 Helsinki","Muu kieli","13-15-vuotiaat","Yhteensä",1177,1288,1366,1396,1350,1329,1718,1915,2008,2162,2237,2419,2452,2591,2681,2871,3105,3244,3357,3613,3931,4330,1371,1482
"091 Helsinki","Muu kieli","13-15-vuotiaat","Miehet",644,669,689,706,675,663,873,1002,1039,1124,1146,1235,1253,1340,1388,1494,1612,1699,1719,1858,2001,2226,666,747
"091 Helsinki","Muu kieli","13-15-vuotiaat","Naiset",533,619,677,690,675,666,845,913,969,1038,1091,1184,1199,1251,1293,1377,1493,1545,1638,1755,1930,2104,705,735
"091 Helsinki","Muu kieli","0-17-vuotiaat","Yhteensä",7357,7883,8274,8722,9079,9559,11376,12069,12808,13728,14691,15737,16729,17823,12864,13899,14628,15039,15481,15765,16495,17701,10088,10598
"091 Helsinki","Muu kieli","0-17-vuotiaat","Miehet",3805,4067,4247,4468,4648,4862,5839,6177,6572,7097,7610,8123,8626,9179,6644,7219,7543,7718,7906,8000,8417,9053,5142,5427
"091 Helsinki","Muu kieli","0-17-vuotiaat","Naiset",3552,3816,4027,4254,4431,4697,5537,5892,6236,6631,7081,7614,8103,8644,6220,6680,7085,7321,7575,7765,8078,8648,4946,5171
"091 Helsinki","Muu kieli","16-18-vuotiaat","Yhteensä",1133,1236,1361,1447,1556,1633,1693,1689,1826,2066,2262,2449,2591,2672,2856,3015,3085,3184,3318,3535,3810,4241,1661,1692
"091 Helsinki","Muu kieli","16-18-vuotiaat","Miehet",589,657,720,782,791,814,833,816,913,1047,1175,1250,1349,1341,1474,1563,1608,1666,1722,1809,1960,2183,832,843
"091 Helsinki","Muu kieli","16-18-vuotiaat","Naiset",544,579,641,665,765,819,860,873,913,1019,1087,1199,1242,1331,1382,1452,1477,1518,1596,1726,1850,2058,829,849
"091 Helsinki","Muu kieli","15-19-vuotiaat","Yhteensä",376,414,467,516,519,593,2295,2408,2604,2799,3041,3286,3445,3640,4805,5044,5200,5449,5592,5886,6486,7161,664,727
"091 Helsinki","Muu kieli","15-19-vuotiaat","Miehet",173,204,247,262,279,300,1119,1222,1298,1443,1545,1703,1761,1871,2472,2623,2712,2838,2899,3041,3286,3689,325,353
"091 Helsinki","Muu kieli","15-19-vuotiaat","Naiset",203,210,220,254,240,293,1176,1186,1306,1356,1496,1583,1684,1769,2333,2421,2488,2611,2693,2845,3200,3472,339,374
"091 Helsinki","Muu kieli","20-24-vuotiaat","Yhteensä",2393,2628,2770,3001,3240,3588,5361,5501,5647,5845,5949,6050,6138,6359,6697,7072,7280,7397,7313,7629,8171,8971,4143,4755
"091 Helsinki","Muu kieli","20-24-vuotiaat","Miehet",1168,1259,1301,1439,1558,1743,2658,2690,2757,2796,2844,2883,2967,3105,3372,3531,3645,3738,3713,3872,4216,4557,2038,2355
"091 Helsinki","Muu kieli","20-24-vuotiaat","Naiset",1225,1369,1469,1562,1682,1845,2703,2811,2890,3049,3105,3167,3171,3254,3325,3541,3635,3659,3600,3757,3955,4414,2105,2400
"091 Helsinki","Muu kieli","25-29-vuotiaat","Yhteensä",3532,3861,3999,4238,4350,4846,7224,8005,8324,9030,9570,10155,10793,10931,11341,11671,11613,11560,11477,11767,12527,13624,5562,6375
"091 Helsinki","Muu kieli","25-29-vuotiaat","Miehet",1828,2043,2097,2185,2205,2525,3781,4161,4320,4734,5000,5237,5491,5507,5817,6074,6040,6042,5974,6092,6517,7106,2817,3260
"091 Helsinki","Muu kieli","25-29-vuotiaat","Naiset",1704,1818,1902,2053,2145,2321,3443,3844,4004,4296,4570,4918,5302,5424,5524,5597,5573,5518,5503,5675,6010,6518,2745,3115
